{"cameraMode":{"drawMode":0,"name":"Shaded","section":"Shading Mode"},"sceneLighting":false,"audioPlay":false,"sceneViewState":{"m_AlwaysRefresh":false,"showFog":true,"showSkybox":false,"showFlares":true,"showImageEffects":true,"showParticleSystems":true,"showVisualEffectGraphs":true,"m_FxEnabled":true},"in2DMode":false,"pivot":{"x":0.27708256244659426,"y":-1.06741201877594,"z":-0.06829921901226044},"rotation":{"x":-0.003186671994626522,"y":0.7490220665931702,"z":-0.003602447221055627,"w":-0.6625285744667053},"size":0.5794299244880676,"orthographic":false}